id,user_id,username,profile_url,bio,followers_count,following_count,posts_count,is_verified,first_seen_at,last_updated_at
1,user_rousi,肉丝的章鱼保🐙,https://www.xiaohongshu.com/user/profile/user_rousi,,0,0,0,False,2026-03-09 16:32:03.398805+00:00,2026-03-09 16:32:03.398805+00:00
2,user_silat,Silat,https://www.xiaohongshu.com/user/profile/user_silat,,0,0,0,False,2026-03-09 16:32:05.362122+00:00,2026-03-09 16:32:05.362122+00:00
3,user_alice,港圈 Alice,https://www.xiaohongshu.com/user/profile/user_alice,,0,0,0,False,2026-03-09 16:32:07.304874+00:00,2026-03-09 16:32:07.304874+00:00
4,user_nuomi,诺米探险,https://www.xiaohongshu.com/user/profile/user_nuomi,,0,0,0,False,2026-03-09 16:51:02.695749+00:00,2026-03-09 16:51:02.695749+00:00
6,user_zixian,子先保险指南,https://www.xiaohongshu.com/user/profile/user_zixian,,0,0,0,False,2026-03-09 16:51:07.053415+00:00,2026-03-09 16:51:07.053415+00:00
7,user_bxk,BXK2017,https://www.xiaohongshu.com/user/profile/user_bxk,,0,0,0,False,2026-03-09 16:51:08.841893+00:00,2026-03-09 16:51:08.841893+00:00
8,user_queena,Queena,https://www.xiaohongshu.com/user/profile/user_queena,,0,0,0,False,2026-03-09 17:11:05.225836+00:00,2026-03-09 17:11:05.225836+00:00
9,user_andy,AndyWell,https://www.xiaohongshu.com/user/profile/user_andy,,0,0,0,False,2026-03-09 17:11:06.389629+00:00,2026-03-09 17:11:06.389629+00:00
10,user_tinghaobao,挺好保,https://www.xiaohongshu.com/user/profile/user_tinghaobao,,0,0,0,False,2026-03-09 17:11:07.757860+00:00,2026-03-09 17:11:07.757860+00:00
11,user_momo,momo,https://www.xiaohongshu.com/user/profile/user_momo,,0,0,0,False,2026-03-09 17:11:09.934912+00:00,2026-03-09 17:11:09.934912+00:00
13,user_mayi,蚂蚁保科普,https://www.xiaohongshu.com/user/profile/user_mayi,,0,0,0,False,2026-03-09 17:31:13.034358+00:00,2026-03-09 17:31:13.034358+00:00
14,user_yudan,鱼蛋丸,https://www.xiaohongshu.com/user/profile/user_yudan,,0,0,0,False,2026-03-09 17:31:14.763474+00:00,2026-03-09 17:31:14.763474+00:00
16,user_gloriiia,Gloriiia 在港,https://www.xiaohongshu.com/user/profile/user_gloriiia,,0,0,0,False,2026-03-09 17:51:15.442339+00:00,2026-03-09 17:51:15.442339+00:00
17,user_ruby,Ruby 港岛记,https://www.xiaohongshu.com/user/profile/user_ruby,,0,0,0,False,2026-03-09 17:51:16.507009+00:00,2026-03-09 17:51:16.507009+00:00
18,user_xmg,香港佬小马哥,https://www.xiaohongshu.com/user/profile/user_xmg,,0,0,0,False,2026-03-09 17:51:17.531433+00:00,2026-03-09 17:51:17.531433+00:00
19,user_jason,Jason 悦读,https://www.xiaohongshu.com/user/profile/user_jason,,0,0,0,False,2026-03-09 18:13:32.189891+00:00,2026-03-09 18:13:32.189891+00:00
20,user_meiri,每日一图，反内耗,https://www.xiaohongshu.com/user/profile/user_meiri,,0,0,0,False,2026-03-09 18:13:33.209131+00:00,2026-03-09 18:13:33.209131+00:00
21,user_xiaoyuan,小圆姐的图文笔记,https://www.xiaohongshu.com/user/profile/user_xiaoyuan,,0,0,0,False,2026-03-09 18:13:34.269943+00:00,2026-03-09 18:13:34.269943+00:00
23,user_xiaoman,小满,https://www.xiaohongshu.com/user/profile/user_xiaoman,,0,0,0,False,2026-03-09 18:31:02.257940+00:00,2026-03-09 18:31:02.257940+00:00
24,user_hongzhong,想摸四个红中,https://www.xiaohongshu.com/user/profile/user_hongzhong,,0,0,0,False,2026-03-09 18:31:03.263625+00:00,2026-03-09 18:31:03.263625+00:00
25,user_yiqi,一淇向暖,https://www.xiaohongshu.com/user/profile/user_yiqi,,0,0,0,False,2026-03-09 18:31:04.271732+00:00,2026-03-09 18:31:04.271732+00:00
26,user_tuixiu,再赚 430 万退休,https://www.xiaohongshu.com/user/profile/user_tuixiu,,0,0,0,False,2026-03-09 18:31:05.307805+00:00,2026-03-09 18:31:05.307805+00:00
28,user_xl,香港小刘,https://www.xiaohongshu.com/user/profile/user_xl,,0,0,0,False,2026-03-09 18:51:52.669958+00:00,2026-03-09 18:51:52.669958+00:00
29,user_ydd,易点点规划,https://www.xiaohongshu.com/user/profile/user_ydd,,0,0,0,False,2026-03-09 18:51:53.677722+00:00,2026-03-09 18:51:53.677722+00:00
30,user_wubao,吾保咨询,https://www.xiaohongshu.com/user/profile/user_wubao,,0,0,0,False,2026-03-09 18:51:54.692184+00:00,2026-03-09 18:51:54.692184+00:00
31,user_leo,Leo 明,https://www.xiaohongshu.com/user/profile/user_leo,,0,0,0,False,2026-03-09 19:11:04.435631+00:00,2026-03-09 19:11:04.435631+00:00
32,user_mars,香港客源救星Mars💫,https://www.xiaohongshu.com/user/profile/user_mars,,0,0,0,False,2026-03-09 19:11:05.441360+00:00,2026-03-09 19:11:05.441360+00:00
33,user_baolaoshi,香港保老师,https://www.xiaohongshu.com/user/profile/user_baolaoshi,,0,0,0,False,2026-03-09 19:11:06.407427+00:00,2026-03-09 19:11:06.407427+00:00
34,user_jianpan,撸羊毛的键盘党,https://www.xiaohongshu.com/user/profile/user_jianpan,,0,0,0,False,2026-03-09 19:11:07.426543+00:00,2026-03-09 19:11:07.426543+00:00
35,user_explorista,Explorista,https://www.xiaohongshu.com/user/profile/user_explorista,,0,0,0,False,2026-03-09 19:30:56.381021+00:00,2026-03-09 19:30:56.381021+00:00
27,user_yangguang,阳光新视界保险圈,https://www.xiaohongshu.com/user/profile/user_yangguang,,0,0,0,False,2026-03-09 18:51:51.627159+00:00,2026-03-09 19:30:57.425301+00:00
37,user_qiyue,七月明亚,https://www.xiaohongshu.com/user/profile/user_qiyue,,0,0,0,False,2026-03-09 19:30:58.456085+00:00,2026-03-09 19:30:58.456085+00:00
38,user_maomao,猫猫崽,https://www.xiaohongshu.com/user/profile/user_maomao,,0,0,0,False,2026-03-09 19:30:59.483684+00:00,2026-03-09 19:30:59.483684+00:00
39,user_alice2,港圈 Alice,https://www.xiaohongshu.com/user/profile/user_alice2,,0,0,0,False,2026-03-09 19:51:19.636231+00:00,2026-03-09 19:51:19.636231+00:00
40,user_zona,Zona 移民,https://www.xiaohongshu.com/user/profile/user_zona,,0,0,0,False,2026-03-09 19:51:20.703562+00:00,2026-03-09 19:51:20.703562+00:00
41,user_amanda,Amanda,https://www.xiaohongshu.com/user/profile/user_amanda,,0,0,0,False,2026-03-09 19:51:21.763463+00:00,2026-03-09 19:51:21.763463+00:00
42,user_luko,Luko,https://www.xiaohongshu.com/user/profile/user_luko,,0,0,0,False,2026-03-09 19:51:22.829249+00:00,2026-03-09 19:51:22.829249+00:00
43,user_gaibao,盖保保聊保险,https://www.xiaohongshu.com/user/profile/user_gaibao,,0,0,0,False,2026-03-09 20:10:57.682123+00:00,2026-03-09 20:10:57.682123+00:00
44,user_suiying,随影,https://www.xiaohongshu.com/user/profile/user_suiying,,0,0,0,False,2026-03-09 20:10:58.694211+00:00,2026-03-09 20:10:58.694211+00:00
45,user_zhuanxin,专心保险科普,https://www.xiaohongshu.com/user/profile/user_zhuanxin,,0,0,0,False,2026-03-09 20:10:59.731206+00:00,2026-03-09 20:10:59.731206+00:00
5,user_zan,zanlaoliu,https://www.xiaohongshu.com/user/profile/user_zan,,0,0,0,False,2026-03-09 16:51:05.076397+00:00,2026-03-09 20:11:00.785447+00:00
47,user_yucheng,语诚保险规划 丨 和康,https://www.xiaohongshu.com/user/profile/user_yucheng,,0,0,0,False,2026-03-09 20:31:38.588608+00:00,2026-03-09 20:31:38.588608+00:00
48,user_momo2,momo,https://www.xiaohongshu.com/user/profile/user_momo2,,0,0,0,False,2026-03-09 20:31:39.653769+00:00,2026-03-09 20:31:39.653769+00:00
49,user_andy2,AndyWell,https://www.xiaohongshu.com/user/profile/user_andy2,,0,0,0,False,2026-03-09 20:31:40.662328+00:00,2026-03-09 20:31:40.662328+00:00
50,user_banpie,半撇有财,https://www.xiaohongshu.com/user/profile/user_banpie,,0,0,0,False,2026-03-09 20:31:41.742788+00:00,2026-03-09 20:31:41.742788+00:00
51,user_mjd,靠谱的马大姐,https://www.xiaohongshu.com/user/profile/user_mjd,,0,0,0,False,2026-03-09 20:51:08.196789+00:00,2026-03-09 20:51:08.196789+00:00
12,user_zhou,卖保险的周冬雨,https://www.xiaohongshu.com/user/profile/user_zhou,,0,0,0,False,2026-03-09 17:31:11.512381+00:00,2026-03-09 20:51:09.233305+00:00
15,user_qinqin,琴琴谈规划,https://www.xiaohongshu.com/user/profile/user_qinqin,,0,0,0,False,2026-03-09 17:31:16.580486+00:00,2026-03-09 20:51:10.246278+00:00
54,user_yudan2,鱼蛋丸,https://www.xiaohongshu.com/user/profile/user_yudan2,,0,0,0,False,2026-03-09 20:51:11.304088+00:00,2026-03-09 20:51:11.304088+00:00
55,user_alpha2,Alpha,https://www.xiaohongshu.com/user/profile/user_alpha2,,0,0,0,False,2026-03-09 21:12:32.743852+00:00,2026-03-09 21:12:32.743852+00:00
56,user_xby,好想退休的小白鸭,https://www.xiaohongshu.com/user/profile/user_xby,,0,0,0,False,2026-03-09 21:12:33.794521+00:00,2026-03-09 21:12:33.794521+00:00
57,user_yang2,Yida 阿阳爱攒钱,https://www.xiaohongshu.com/user/profile/user_yang2,,0,0,0,False,2026-03-09 21:12:34.869313+00:00,2026-03-09 21:12:34.869313+00:00
58,user_lufei,香港路飞 Alex,https://www.xiaohongshu.com/user/profile/user_lufei,,0,0,0,False,2026-03-09 21:12:35.893492+00:00,2026-03-09 21:12:35.893492+00:00
22,user_xue,薛佳昕,https://www.xiaohongshu.com/user/profile/user_xue,,0,0,0,False,2026-03-09 18:13:35.328612+00:00,2026-03-09 21:32:10.151129+00:00
59,user_hqx,好奇心 lume,https://www.xiaohongshu.com/user/profile/user_hqx,,0,0,0,False,2026-03-09 21:32:07.022065+00:00,2026-03-09 21:32:07.022065+00:00
60,user_bingyu,冰语良言,https://www.xiaohongshu.com/user/profile/user_bingyu,,0,0,0,False,2026-03-09 21:32:08.061880+00:00,2026-03-09 21:32:08.061880+00:00
61,user_xiaobao,小保同学,https://www.xiaohongshu.com/user/profile/user_xiaobao,,0,0,0,False,2026-03-09 21:32:09.117099+00:00,2026-03-09 21:32:09.117099+00:00
63,user_xiaoman2,小满,https://www.xiaohongshu.com/user/profile/user_xiaoman2,,0,0,0,False,2026-03-09 21:52:48.905149+00:00,2026-03-09 21:52:48.905149+00:00
64,user_hongzhong2,想摸四个红中,https://www.xiaohongshu.com/user/profile/user_hongzhong2,,0,0,0,False,2026-03-09 21:52:49.865865+00:00,2026-03-09 21:52:49.865865+00:00
65,user_yiqi2,一淇向暖,https://www.xiaohongshu.com/user/profile/user_yiqi2,,0,0,0,False,2026-03-09 21:52:50.918741+00:00,2026-03-09 21:52:50.918741+00:00
66,user_weiernu,威而不怒,https://www.xiaohongshu.com/user/profile/user_weiernu,,0,0,0,False,2026-03-09 21:52:51.933899+00:00,2026-03-09 21:52:51.933899+00:00
67,user_yangguang2,阳光新视界保险圈,https://www.xiaohongshu.com/user/profile/user_yangguang2,,0,0,0,False,2026-03-09 22:13:07.827928+00:00,2026-03-09 22:13:07.827928+00:00
68,user_xl2,香港小刘,https://www.xiaohongshu.com/user/profile/user_xl2,,0,0,0,False,2026-03-09 22:13:08.854849+00:00,2026-03-09 22:13:08.854849+00:00
69,user_awe,资深港漂艾薇儿,https://www.xiaohongshu.com/user/profile/user_awe,,0,0,0,False,2026-03-09 22:13:09.874481+00:00,2026-03-09 22:13:09.874481+00:00
70,user_lemon,Lemon 是只柠檬精,https://www.xiaohongshu.com/user/profile/user_lemon,,0,0,0,False,2026-03-09 22:13:10.919036+00:00,2026-03-09 22:13:10.919036+00:00
71,user_jiafu,嘉芙在香港,https://www.xiaohongshu.com/user/profile/user_jiafu,,0,0,0,False,2026-03-09 22:31:57.699233+00:00,2026-03-09 22:31:57.699233+00:00
72,user_leo2,Leo 明,https://www.xiaohongshu.com/user/profile/user_leo2,,0,0,0,False,2026-03-09 22:31:58.734774+00:00,2026-03-09 22:31:58.734774+00:00
73,user_mars2,香港客源救星Mars💫,https://www.xiaohongshu.com/user/profile/user_mars2,,0,0,0,False,2026-03-09 22:31:59.787048+00:00,2026-03-09 22:31:59.787048+00:00
74,user_jianpan2,撸羊毛的键盘党,https://www.xiaohongshu.com/user/profile/user_jianpan2,,0,0,0,False,2026-03-09 22:32:00.810831+00:00,2026-03-09 22:32:00.810831+00:00
75,user_explorista2,Explorista,https://www.xiaohongshu.com/user/profile/user_explorista2,,0,0,0,False,2026-03-09 22:52:02.288632+00:00,2026-03-09 22:52:02.288632+00:00
76,user_yangguang3,阳光新视界保险圈,https://www.xiaohongshu.com/user/profile/user_yangguang3,,0,0,0,False,2026-03-09 22:52:03.309061+00:00,2026-03-09 22:52:03.309061+00:00
77,user_maomao2,猫猫崽,https://www.xiaohongshu.com/user/profile/user_maomao2,,0,0,0,False,2026-03-09 22:52:04.369462+00:00,2026-03-09 22:52:04.369462+00:00
78,user_sunny,Sunny 的晨光漫语,https://www.xiaohongshu.com/user/profile/user_sunny,,0,0,0,False,2026-03-09 22:52:05.384801+00:00,2026-03-09 22:52:05.384801+00:00
79,user_silat2,Silat,https://www.xiaohongshu.com/user/profile/user_silat2,,0,0,0,False,2026-03-09 23:12:18.130160+00:00,2026-03-09 23:12:18.130160+00:00
80,user_luko2,Luko,https://www.xiaohongshu.com/user/profile/user_luko2,,0,0,0,False,2026-03-09 23:12:19.187793+00:00,2026-03-09 23:12:19.187793+00:00
81,user_huazong,花总 Jasmine,https://www.xiaohongshu.com/user/profile/user_huazong,,0,0,0,False,2026-03-09 23:12:20.213111+00:00,2026-03-09 23:12:20.213111+00:00
82,user_xixi,嘻嘻环球旅行日记,https://www.xiaohongshu.com/user/profile/user_xixi,,0,0,0,False,2026-03-09 23:12:21.249384+00:00,2026-03-09 23:12:21.249384+00:00
83,user_mailun,麦伦说保险,https://www.xiaohongshu.com/user/profile/user_mailun,,0,0,0,False,2026-03-09 23:33:05.347014+00:00,2026-03-09 23:33:05.347014+00:00
84,user_zan2,zanlaoliu,https://www.xiaohongshu.com/user/profile/user_zan2,,0,0,0,False,2026-03-09 23:33:06.366865+00:00,2026-03-09 23:33:06.366865+00:00
85,user_zixian2,子先保险指南,https://www.xiaohongshu.com/user/profile/user_zixian2,,0,0,0,False,2026-03-09 23:33:07.408387+00:00,2026-03-09 23:33:07.408387+00:00
86,user_bxk2,BXK2017,https://www.xiaohongshu.com/user/profile/user_bxk2,,0,0,0,False,2026-03-09 23:33:08.425879+00:00,2026-03-09 23:33:08.425879+00:00
87,user_momo3,momo,https://www.xiaohongshu.com/user/profile/user_momo3,,0,0,0,False,2026-03-09 23:52:07.720208+00:00,2026-03-09 23:52:07.720208+00:00
88,user_yucheng2,语诚保险规划 丨 和康,https://www.xiaohongshu.com/user/profile/user_yucheng2,,0,0,0,False,2026-03-09 23:52:08.745018+00:00,2026-03-09 23:52:08.745018+00:00
89,user_tinghaobao2,挺好保,https://www.xiaohongshu.com/user/profile/user_tinghaobao2,,0,0,0,False,2026-03-09 23:52:09.755695+00:00,2026-03-09 23:52:09.755695+00:00
90,user_ganglei,港雷港,https://www.xiaohongshu.com/user/profile/user_ganglei,,0,0,0,False,2026-03-09 23:52:10.784565+00:00,2026-03-09 23:52:10.784565+00:00
91,user_mjd2,靠谱的马大姐,https://www.xiaohongshu.com/user/profile/user_mjd2,,0,0,0,False,2026-03-10 00:12:02.865766+00:00,2026-03-10 00:12:02.865766+00:00
92,user_maidui,买对赔好小管家,https://www.xiaohongshu.com/user/profile/user_maidui,,0,0,0,False,2026-03-10 00:12:04.176581+00:00,2026-03-10 00:12:04.176581+00:00
93,user_jesse,Jesse Talks,https://www.xiaohongshu.com/user/profile/user_jesse,,0,0,0,False,2026-03-10 00:12:05.477029+00:00,2026-03-10 00:12:05.477029+00:00
94,user_baozhu,抱猪有知识,https://www.xiaohongshu.com/user/profile/user_baozhu,,0,0,0,False,2026-03-10 00:12:06.692796+00:00,2026-03-10 00:12:06.692796+00:00
